Sample class	Sample	Expression (RLE-normalized CAGE tags per million)	Quantile over all genes
cell_line	serous cystadenocarcinoma cell line:HTOA.CNhs11827.10693-109F9	40.6	0.739
cell_line	chronic lymphocytic leukemia (T-CLL) cell line:SKW-3.CNhs11714.10416-106C2	36.8	0.665
cell_line	adrenal cortex adenocarcinoma cell line:SW-13.CNhs11893.10810-111A9	29.0	0.589
cell_line	plasma cell leukemia cell line:ARH-77.CNhs12807.10840-111E3	28.0	0.572
cell_line	serous adenocarcinoma cell line:SK-OV-3-R, biol_rep1.CNhs13099.11841-124H5	26.8	0.643
cell_line	gastric adenocarcinoma cell line:MKN45.CNhs11819.10612-108F9	16.1	0.437
cell_line	acute myeloid leukemia (FAB M2) cell line:NKM-1.CNhs11864.10765-110E9	15.1	0.351
cell_line	serous adenocarcinoma cell line:SK-OV-3-R after co-culture with SOC-57-02-G, biol_rep1.CNhs13508.11843-124H7	14.9	0.494
cell_line	Hep-2 cells mock treated, biol_rep3.CNhs13501.11900-125F1	14.7	0.418
cell_line	Hep-2 cells treated with Streptococci strain 5448, biol_rep2.CNhs13496.11891-125E1	14.6	0.43
cell_line	neuroectodermal tumor cell line:TASK1.CNhs11866.10774-110F9	14.4	0.39
cell_line	mucinous adenocarcinoma cell line:JHOM-1.CNhs11752.10648-109A9	14.3	0.451
cell_line	Hep-2 cells mock treated, biol_rep2.CNhs13500.11899-125E9	14.0	0.408
cell_line	adult T-cell leukemia cell line:ATN-1.CNhs10738.10421-106C7	13.9	0.357
cell_line	merkel cell carcinoma cell line:MS-1.CNhs12839.10844-111E7	13.8	0.298
cell_line	Hep-2 cells treated with Streptococci strain 5448, biol_rep3.CNhs13497.11892-125E2	13.8	0.404
cell_line	anaplastic squamous cell carcinoma cell line:RPMI 2650.CNhs11889.10805-111A4	13.7	0.28
cell_line	teratocarcinoma cell line:NCR-G1.CNhs11884.10798-110I6	13.6	0.317
cell_line	acute lymphoblastic leukemia (T-ALL) cell line:Jurkat.CNhs11253.10464-106H5	13.6	0.338
cell_line	hereditary spherocytic anemia cell line:WIL2-NS.CNhs11891.10808-111A7	13.5	0.379
cell_line	Hep-2 cells treated with Streptococci strain 5448, biol_rep1.CNhs13477.11890-125D9	13.1	0.406
cell_line	merkel cell carcinoma cell line:MKL-1.CNhs12838.10843-111E6	13.1	0.284
cell_line	mesothelioma cell line:Mero-83.CNhs13070.10854-111F8	13.1	0.394
cell_line	carcinoid cell line:NCI-H1770.CNhs11834.10703-109H1	12.8	0.343
cell_line	acute lymphoblastic leukemia (T-ALL) cell line:HPB-ALL.CNhs10746.10429-106D6	12.7	0.266
cell_line	chronic myeloblastic leukemia (CML) cell line:KCL-22.CNhs11886.10801-110I9	12.4	0.322
cell_line	Hep-2 cells mock treated, biol_rep1.CNhs13479.11898-125E8	12.2	0.378
cell_line	acute myeloid leukemia (FAB M5) cell line:U-937 DE-4.CNhs13058.10834-111D6	12.1	0.346
cell_line	leiomyoma cell line:15242A.CNhs11723.10570-108B3	12.1	0.531
cell_line	lens epithelial cell line:SRA 01/04.CNhs11750.10647-109A8	12.0	0.319
cell_line	acute myeloid leukemia (FAB M5) cell line:NOMO-1.CNhs13050.10764-110E8	11.9	0.292
cell_line	Hodgkin's lymphoma cell line:HD-Mar2.CNhs11715.10435-106E3	11.9	0.274
cell_line	bronchial squamous cell carcinoma cell line:KNS-62.CNhs11862.10760-110E4	11.8	0.365
cell_line	neuroectodermal tumor cell line:FU-RPNT-2.CNhs11753.10663-109C6	11.8	0.279
cell_line	mesothelioma cell line:Mero-95.CNhs13073.10856-111G1	11.6	0.37
cell_line	neuroblastoma cell line:NH-12.CNhs11811.10555-107I6	11.6	0.252
cell_line	acute lymphoblastic leukemia (B-ALL) cell line:NALM-6.CNhs11282.10534-107G3	11.5	0.278
cell_line	acute myeloid leukemia (FAB M5) cell line:THP-1 (thawed).CNhs10724.10405-106A9	11.3	0.293
cell_line	xeroderma pigentosum b cell line:XPL 17.CNhs11813.10563-108A5	11.2	0.324
cell_line	breast carcinoma cell line:MDA-MB-453.CNhs10736.10419-106C5	11.2	0.293
cell_line	carcinoid cell line:SK-PN-DW.CNhs11846.10719-109I8	11.1	0.328
cell_line	epidermoid carcinoma cell line:Ca Ski.CNhs10748.10431-106D8	11.1	0.308
cell_line	mesothelioma cell line:Mero-84.CNhs13072.10855-111F9	10.8	0.406
cell_line	acute myeloid leukemia (FAB M5) cell line:THP-1 (revived).CNhs10723.10400-106A4	10.7	0.289
cell_line	keratoacanthoma cell line:HKA-1.CNhs11880.10791-110H8	10.7	0.346
cell_line	neuroblastoma cell line:NBsusSR.CNhs11818.10607-108F4	10.7	0.286
cell_line	acute myeloid leukemia (FAB M5) cell line:THP-1 (fresh).CNhs10722.10399-106A3	10.4	0.276
cell_line	small cell cervical cancer cell line:HCSC-1.CNhs11885.10800-110I8	10.3	0.255
cell_line	Burkitt's lymphoma cell line:DAUDI.CNhs10739.10422-106C8	10.1	0.285
cell_line	testicular germ cell embryonal carcinoma cell line:NEC8.CNhs11726.10590-108D5	10.0	0.298
cell_line	neuroblastoma cell line:CHP-134.CNhs11276.10508-107D4	10.0	0.232
cell_line	oral squamous cell carcinoma cell line:SAS.CNhs11810.10544-107H4	9.9	0.293
cell_line	epitheloid carcinoma cell line: HelaS3 ENCODE, biol_rep3.CNhs12327.10817-111B7	9.9	0.281
cell_line	medulloblastoma cell line:D283 Med.CNhs12805.10838-111E1	9.8	0.224
cell_line	acute myeloid leukemia (FAB M0) cell line:Kasumi-3.CNhs13241.10789-110H6	9.8	0.271
cell_line	hairy cell leukemia cell line:Mo.CNhs11843.10712-109I1	9.7	0.285
cell_line	prostate cancer cell line:DU145.CNhs11260.10490-107B4	9.7	0.3
cell_line	osteosarcoma cell line:143B/TK^(-)neo^(R).CNhs11279.10510-107D6	9.7	0.271
cell_line	leiomyoblastoma cell line:G-402.CNhs11848.10721-110A1	9.7	0.297
cell_line	gastric cancer cell line:AZ521.CNhs11286.10549-107H9	9.6	0.26
cell_line	neuroectodermal tumor cell line:FU-RPNT-1.CNhs11744.10637-108I7	9.6	0.241
cell_line	acute myeloid leukemia (FAB M2) cell line:Kasumi-6.CNhs13052.10792-110H9	9.5	0.259
cell_line	bile duct carcinoma cell line:HuCCT1.CNhs10750.10432-106D9	9.4	0.27
cell_line	melanoma cell line:G-361.CNhs11254.10465-106H6	9.4	0.322
cell_line	NK T cell leukemia cell line:KHYG-1.CNhs11867.10777-110G3	9.4	0.255
cell_line	mesothelioma cell line:Mero-25.CNhs13066.10850-111F4	9.4	0.314
cell_line	anaplastic large cell lymphoma cell line:Ki-JK.CNhs11881.10795-110I3	9.4	0.299
cell_line	transitional-cell carcinoma cell line:JMSU1.CNhs11261.10492-107B6	9.4	0.252
cell_line	epitheloid carcinoma cell line: HelaS3 ENCODE, biol_rep1.CNhs12325.10815-111B5	9.4	0.264
cell_line	leukemia, chronic megakaryoblastic cell line:MEG-01.CNhs11859.10752-110D5	9.4	0.264
cell_line	mesothelioma cell line:No36.CNhs13074.10857-111G2	9.3	0.317
cell_line	myelodysplastic syndrome cell line:SKM-1.CNhs11934.10772-110F7	9.3	0.25
cell_line	acute myeloid leukemia (FAB M6) cell line:F-36P.CNhs13505.10837-111D9	9.2	0.27
cell_line	embryonic kidney cell line: HEK293/SLAM infection, 24hr.CNhs11047.10451-106G1	9.2	0.218
cell_line	fibrous histiocytoma cell line:GCT TIB-223.CNhs11842.10711-109H9	9.1	0.283
cell_line	testicular germ cell embryonal carcinoma cell line:ITO-II.CNhs11876.10786-110H3	8.9	0.256
cell_line	teratocarcinoma cell line:PA-1.CNhs11890.10807-111A6	8.8	0.26
cell_line	pharyngeal carcinoma cell line:Detroit 562.CNhs11849.10723-110A3	8.8	0.279
cell_line	large cell lung carcinoma cell line:NCI-H460.CNhs12806.10839-111E2	8.8	0.314
cell_line	acute lymphoblastic leukemia (B-ALL) cell line:BALL-1.CNhs11251.10455-106G5	8.7	0.264
cell_line	large cell lung carcinoma cell line:IA-LM.CNhs11277.10509-107D5	8.7	0.308
cell_line	acute myeloid leukemia (FAB M5) cell line:P31/FUJ.CNhs13051.10770-110F5	8.6	0.271
cell_line	acute myeloid leukemia (FAB M7) cell line:MKPL-1.CNhs11888.10802-111A1	8.5	0.24
cell_line	mesothelioma cell line:ACC-MESO-4.CNhs11264.10494-107B8	8.4	0.266
cell_line	Hep-2 cells treated with Streptococci strain JRS4, biol_rep1.CNhs13478.11894-125E4	8.4	0.302
cell_line	embryonic pancreas cell line:1C3D3.CNhs11732.10605-108F2	8.3	0.294
cell_line	acute myeloid leukemia (FAB M4eo) cell line:EoL-3.CNhs13057.10833-111D5	8.3	0.234
cell_line	chronic myelogenous leukemia cell line:KU812.CNhs10727.10409-106B4	8.3	0.234
cell_line	acute myeloid leukemia (FAB M2) cell line:Kasumi-1.CNhs13502.10788-110H5	8.1	0.242
cell_line	Hep-2 cells treated with Streptococci strain JRS4, biol_rep3.CNhs13499.11896-125E6	8.1	0.289
cell_line	oral squamous cell carcinoma cell line:HSC-3.CNhs11717.10545-107H5	8.1	0.283
cell_line	osteosarcoma cell line:HS-Os-1.CNhs11290.10558-107I9	8.0	0.24
cell_line	B lymphoblastoid cell line: GM12878 ENCODE, biol_rep3.CNhs12333.10823-111C4	7.9	0.215
cell_line	splenic lymphoma with villous lymphocytes cell line:SLVL.CNhs10741.10424-106D1	7.9	0.242
cell_line	small cell lung carcinoma cell line:DMS 144.CNhs12808.10841-111E4	7.8	0.245
cell_line	hepatocellular carcinoma cell line: HepG2 ENCODE, biol_rep2.CNhs12329.10819-111B9	7.8	0.223
cell_line	serous adenocarcinoma cell line:JHOS-2.CNhs11746.10639-108I9	7.8	0.248
cell_line	embryonic kidney cell line: HEK293/SLAM untreated.CNhs11046.10450-106F9	7.8	0.242
cell_line	melanoma cell line:COLO 679.CNhs11281.10514-107E1	7.7	0.253
cell_line	mesothelioma cell line:Mero-41.CNhs13067.10851-111F5	7.7	0.272
cell_line	B lymphoblastoid cell line: GM12878 ENCODE, biol_rep2.CNhs12332.10822-111C3	7.6	0.21
cell_line	leiomyoma cell line:10964C.CNhs11722.10569-108B2	7.6	0.394
cell_line	lymphoma, malignant, hairy B-cell cell line:MLMA.CNhs11935.10775-110G1	7.6	0.247
cell_line	acute myeloid leukemia (FAB M4) cell line:FKH-1.CNhs13503.10830-111D2	7.5	0.171
cell_line	acute myeloid leukemia (FAB M6) cell line:EEB.CNhs13059.10835-111D7	7.5	0.213
cell_line	schwannoma cell line:HS-PSS, tech_rep1.CNhs11183.10442-106F1	7.4	0.246
cell_line	acute myeloid leukemia (FAB M4eo) cell line:EoL-1.CNhs13056.10832-111D4	7.4	0.231
cell_line	liposarcoma cell line:SW 872.CNhs11851.10726-110A6	7.4	0.223
cell_line	colon carcinoma cell line:COLO-320.CNhs10737.10420-106C6	7.4	0.202
cell_line	somatostatinoma cell line:QGP-1.CNhs11869.10781-110G7	7.3	0.245
cell_line	embryonic pancreas cell line:2C6.CNhs11814.10603-108E9	7.2	0.222
cell_line	normal embryonic palatal mesenchymal cell line:HEPM.CNhs11894.10813-111B3	7.1	0.276
cell_line	lung adenocarcinoma cell line:A549.CNhs11275.10499-107C4	7.0	0.274
cell_line	hepatocellular carcinoma cell line: HepG2 ENCODE, biol_rep3.CNhs12330.10820-111C1	7.0	0.203
cell_line	choriocarcinoma cell line:BeWo.CNhs10740.10423-106C9	7.0	0.207
cell_line	acute myeloid leukemia (FAB M1) cell line:HYT-1.CNhs13054.10828-111C9	7.0	0.218
cell_line	schwannoma cell line:HS-PSS, tech_rep2.CNhs11245.10442-106F1	7.0	0.241
cell_line	mesothelioma cell line:ACC-MESO-1.CNhs11263.10493-107B7	6.9	0.264
cell_line	bile duct carcinoma cell line:TFK-1.CNhs11265.10496-107C1	6.8	0.27
cell_line	epitheloid carcinoma cell line: HelaS3 ENCODE, biol_rep2.CNhs12326.10816-111B6	6.8	0.204
cell_line	transitional-cell carcinoma cell line:5637.CNhs10735.10418-106C4	6.8	0.19
cell_line	adenocarcinoma cell line:IM95m.CNhs11882.10796-110I4	6.7	0.219
cell_line	neuroepithelioma cell line:SK-N-MC.CNhs11853.10728-110A8	6.7	0.234
cell_line	neurofibroma cell line:Hs 53.T.CNhs11854.10729-110A9	6.7	0.278
cell_line	gall bladder carcinoma cell line:TGBC14TKB.CNhs11256.10470-106I2	6.6	0.186
cell_line	liposarcoma cell line:KMLS-1.CNhs11870.10782-110G8	6.6	0.237
cell_line	synovial sarcoma cell line:HS-SY-II.CNhs11244.10441-106E9	6.6	0.18
cell_line	bronchogenic carcinoma cell line:ChaGo-K-1.CNhs11841.10710-109H8	6.6	0.224
cell_line	cervical cancer cell line:ME-180.CNhs11289.10553-107I4	6.6	0.215
cell_line	myeloma cell line:PCM6.CNhs11258.10474-106I6	6.5	0.264
cell_line	choriocarcinoma cell line:SCH.CNhs11875.10785-110H2	6.5	0.226
cell_line	colon carcinoma cell line:CACO-2.CNhs11280.10513-107D9	6.5	0.213
cell_line	small cell lung carcinoma cell line:NCI-H82.CNhs12809.10842-111E5	6.5	0.198
cell_line	mesothelioma cell line:Mero-48a.CNhs13068.10852-111F6	6.5	0.253
cell_line	giant cell carcinoma cell line:Lu99B.CNhs10751.10433-106E1	6.5	0.224
cell_line	B lymphoblastoid cell line: GM12878 ENCODE, biol_rep1.CNhs12331.10821-111C2	6.4	0.189
cell_line	diffuse large B-cell lymphoma cell line:CTB-1.CNhs11741.10631-108I1	6.4	0.208
cell_line	mesothelioma cell line:NCI-H226.CNhs13062.10846-111E9	6.4	0.266
cell_line	acute myeloid leukemia (FAB M3) cell line:HL60.CNhs13055.10829-111D1	6.3	0.256
cell_line	myxofibrosarcoma cell line:MFH-ino.CNhs11729.10600-108E6	6.2	0.229
cell_line	anaplastic carcinoma cell line:8305C.CNhs10745.10428-106D5	6.2	0.233
cell_line	prostate cancer cell line:PC-3.CNhs11243.10439-106E7	6.2	0.205
cell_line	basal cell carcinoma cell line:TE 354.T.CNhs11932.10702-109G9	6.2	0.311
cell_line	large cell non-keratinizing squamous carcinoma cell line:SKG-II-SF.CNhs11825.10692-109F8	6.1	0.212
cell_line	teratocarcinoma cell line:NCC-IT-A3.CNhs11878.10790-110H7	6.1	0.214
cell_line	osteoclastoma cell line:Hs 706.T.CNhs11835.10704-109H2	6.1	0.241
cell_line	myxofibrosarcoma cell line:NMFH-1.CNhs11821.10684-109E9	6.1	0.219
cell_line	hepatocellular carcinoma cell line: HepG2 ENCODE, biol_rep1.CNhs12328.10818-111B8	6.1	0.189
cell_line	breast carcinoma cell line:MCF7.CNhs11943.10482-107A5	6.0	0.214
cell_line	alveolar cell carcinoma cell line:SW 1573.CNhs11838.10708-109H6	6.0	0.208
cell_line	Hep-2 cells treated with Streptococci strain JRS4, biol_rep2.CNhs13498.11895-125E5	5.9	0.243
cell_line	leiomyoma cell line:15425.CNhs11724.10571-108B4	5.9	0.289
cell_line	mesothelioma cell line:NCI-H2052.CNhs13063.10847-111F1	5.8	0.228
cell_line	ductal cell carcinoma cell line:MIA Paca2.CNhs11259.10488-107B2	5.8	0.21
cell_line	chronic myelogenous leukemia (CML) cell line:MEG-A2.CNhs11865.10766-110F1	5.8	0.203
cell_line	mycosis fungoides, T cell lymphoma cell line:HuT 102 TIB-162.CNhs11858.10744-110C6	5.8	0.188
cell_line	argyrophil small cell carcinoma cell line:TC-YIK.CNhs11725.10589-108D4	5.8	0.183
cell_line	b cell line:RPMI1788.CNhs10744.10427-106D4	5.8	0.193
cell_line	pancreatic carcinoma cell line:NOR-P1.CNhs11832.10698-109G5	5.8	0.221
cell_line	non T non B acute lymphoblastic leukemia (ALL) cell line:P30/OHK.CNhs10747.10430-106D7	5.7	0.175
cell_line	acute myeloid leukemia (FAB M7) cell line:M-MOK.CNhs13049.10699-109G6	5.7	0.191
cell_line	embryonic pancreas cell line:1C3IKEI.CNhs11733.10606-108F3	5.7	0.191
cell_line	glioblastoma cell line:A172, tech_rep1.CNhs11185.10444-106F3	5.6	0.199
cell_line	meningioma cell line:HKBMM.CNhs11945.10691-109F7	5.6	0.245
cell_line	testicular germ cell embryonal carcinoma cell line:NEC14.CNhs12351.10591-108D6	5.6	0.191
cell_line	thyroid carcinoma cell line:TCO-1.CNhs11872.10783-110G9	5.6	0.188
cell_line	lymphangiectasia cell line:DS-1.CNhs11852.10727-110A7	5.5	0.196
cell_line	normal intestinal epithelial cell line:FHs 74 Int.CNhs11950.10812-111B2	5.5	0.236
cell_line	mesothelioma cell line:ONE58.CNhs13075.10858-111G3	5.5	0.229
cell_line	squamous cell carcinoma cell line:EC-GI-10.CNhs11252.10463-106H4	5.4	0.207
cell_line	glioblastoma cell line:A172, tech_rep2.CNhs11248.10444-106F3	5.3	0.191
cell_line	mesothelioma cell line:NCI-H2452.CNhs13064.10848-111F2	5.2	0.224
cell_line	clear cell carcinoma cell line:TEN.CNhs11930.10636-108I6	5.2	0.213
cell_line	mesenchymal stem cell line:Hu5/E18.CNhs11718.10568-108B1	5.2	0.226
cell_line	glassy cell carcinoma cell line:HOKUG.CNhs11824.10688-109F4	5.2	0.175
cell_line	small-cell gastrointestinal carcinoma cell line:ECC4.CNhs11734.10609-108F6	5.2	0.195
cell_line	mesothelioma cell line:Mero-82.CNhs13069.10853-111F7	5.1	0.208
cell_line	endometrial carcinoma cell line:OMC-2.CNhs11266.10497-107C2	5.1	0.217
cell_line	tubular adenocarcinoma cell line:SUIT-2.CNhs11883.10797-110I5	5.1	0.215
cell_line	Burkitt's lymphoma cell line:RAJI.CNhs11268.10476-106I8	5.0	0.195
cell_line	acute myeloid leukemia (FAB M6) cell line:F-36E.CNhs13060.10836-111D8	4.9	0.195
cell_line	maxillary sinus tumor cell line:HSQ-89.CNhs10732.10414-106B9	4.9	0.176
cell_line	small cell lung carcinoma cell line:WA-hT.CNhs11812.10562-108A4	4.8	0.142
cell_line	sacrococcigeal teratoma cell line:HTST.CNhs11829.10695-109G2	4.8	0.21
cell_line	testicular germ cell embryonal carcinoma cell line:NEC15.CNhs12362.10593-108D8	4.8	0.171
cell_line	chronic myelogenous leukemia cell line:K562 ENCODE, biol_rep1.CNhs12334.10824-111C5	4.7	0.193
cell_line	hepatic mesenchymal tumor cell line:LI90.CNhs11868.10778-110G4	4.7	0.257
cell_line	embryonic pancreas cell line:1B2C6.CNhs11731.10604-108F1	4.7	0.177
cell_line	signet ring carcinoma cell line:NUGC-4.CNhs11270.10483-107A6	4.6	0.193
cell_line	biphenotypic B myelomonocytic leukemia cell line:MV-4-11.CNhs11845.10718-109I7	4.6	0.171
cell_line	squamous cell carcinoma cell line:T3M-5.CNhs11739.10616-108G4	4.6	0.232
cell_line	mixed mullerian tumor cell line:HTMMT.CNhs11944.10689-109F5	4.6	0.181
cell_line	bronchioalveolar carcinoma cell line:NCI-H358.CNhs11840.10709-109H7	4.6	0.171
cell_line	cord blood derived cell line:COBL-a 24h infection.CNhs11050.10453-106G3	4.6	0.163
cell_line	acute myeloid leukemia (FAB M4) cell line:HNT-34.CNhs13504.10831-111D3	4.6	0.17
cell_line	chronic myelogenous leukemia cell line:K562 ENCODE, biol_rep2.CNhs12335.10825-111C6	4.5	0.189
cell_line	extraskeletal myxoid chondrosarcoma cell line:H-EMC-SS.CNhs10728.10410-106B5	4.5	0.196
cell_line	malignant trichilemmal cyst cell line:DJM-1.CNhs10730.10412-106B7	4.5	0.158
cell_line	papillotubular adenocarcinoma cell line:TGBC18TKB.CNhs10734.10417-106C3	4.4	0.157
cell_line	epidermoid carcinoma cell line:A431.CNhs10743.10426-106D3	4.4	0.18
cell_line	chronic myelogenous leukemia cell line:K562.CNhs11250.10454-106G4	4.4	0.191
cell_line	gall bladder carcinoma cell line:TGBC2TKB.CNhs10733.10415-106C1	4.3	0.189
cell_line	gastrointestinal carcinoma cell line:ECC12.CNhs11738.10615-108G3	4.3	0.158
cell_line	spindle cell sarcoma cell line:Hs 132.T.CNhs11857.10737-110B8	4.2	0.193
cell_line	cord blood derived cell line:COBL-a untreated.CNhs11045.10449-106F8	4.2	0.15
cell_line	oral squamous cell carcinoma cell line:Ca9-22.CNhs10752.10434-106E2	4.0	0.163
cell_line	non-small cell lung cancer cell line:NCI-H1385.CNhs12193.10730-110B1	4.0	0.157
cell_line	Ewing's sarcoma cell line:Hs 863.T.CNhs11836.10705-109H3	4.0	0.232
cell_line	renal cell carcinoma cell line:OS-RC-2.CNhs10729.10411-106B6	3.9	0.18
cell_line	granulosa cell tumor cell line:KGN.CNhs11740.10624-108H3	3.9	0.171
cell_line	ductal cell carcinoma cell line:KLM-1.CNhs11100.10438-106E6	3.7	0.153
cell_line	cholangiocellular carcinoma cell line:HuH-28.CNhs11283.10536-107G5	3.6	0.181
cell_line	endometrioid adenocarcinoma cell line:JHUEM-1.CNhs11748.10643-109A4	3.6	0.177
cell_line	hepatoma cell line:Li-7.CNhs11271.10484-107A7	3.6	0.161
cell_line	cervical cancer cell line:D98-AH2.CNhs11288.10552-107I3	3.6	0.171
cell_line	mucinous cystadenocarcinoma cell line:MCAS.CNhs11873.10784-110H1	3.6	0.174
cell_line	cord blood derived cell line:COBL-a 24h infection(-C).CNhs11049.10452-106G2	3.6	0.144
cell_line	giant cell carcinoma cell line:LU65.CNhs11274.10487-107B1	3.5	0.217
cell_line	gastric adenocarcinoma cell line:MKN1.CNhs11737.10614-108G2	3.4	0.146
cell_line	bone marrow stromal cell line:StromaNKtert.CNhs11931.10686-109F2	3.3	0.175
cell_line	oral squamous cell carcinoma cell line:HO-1-u-1.CNhs11287.10550-107I1	3.3	0.16
cell_line	pagetoid sarcoma cell line:Hs 925.T.CNhs11856.10732-110B3	3.2	0.152
cell_line	chronic myelogenous leukemia cell line:K562 ENCODE, biol_rep3.CNhs12336.10826-111C7	3.2	0.162
cell_line	acantholytic squamous carcinoma cell line:HCC1806.CNhs11844.10717-109I6	3.2	0.142
cell_line	lung adenocarcinoma cell line:PC-14.CNhs10726.10408-106B3	2.8	0.151
cell_line	rectal cancer cell line:TT1TKB.CNhs11255.10469-106I1	2.8	0.148
cell_line	signet ring carcinoma cell line:Kato III.CNhs10753.10436-106E4	2.7	0.156
cell_line	small cell lung carcinoma cell line:LK-2.CNhs11285.10541-107H1	2.7	0.144
cell_line	squamous cell lung carcinoma cell line:EBC-1.CNhs11273.10486-107A9	2.5	0.169
cell_line	peripheral neuroectodermal tumor cell line:KU-SN.CNhs11830.10697-109G4	2.5	0.163
cell_line	epithelioid sarcoma cell line:HS-ES-1.CNhs11247.10443-106F2	2.4	0.143
cell_line	mesothelioma cell line:NCI-H28.CNhs13061.10845-111E8	2.3	0.15
cell_line	choriocarcinoma cell line:T3M-3.CNhs11820.10618-108G6	2.3	0.157
cell_line	papillary adenocarcinoma cell line:8505C.CNhs11716.10437-106E5	2.3	0.147
cell_line	medulloblastoma cell line:ONS-76.CNhs11861.10759-110E3	2.0	0.134
cell_line	tridermal teratoma cell line:HGRT.CNhs11828.10694-109G1	1.9	0.127
cell_line	rhabdomyosarcoma cell line:RMS-YM.CNhs11269.10477-106I9	1.9	0.109
cell_line	small cell gastrointestinal carcinoma cell line:ECC10.CNhs11736.10610-108F7	1.8	0.122
cell_line	pleomorphic hepatocellular carcinoma cell line:SNU-387.CNhs11933.10706-109H4	1.7	0.119
cell_line	renal cell carcinoma cell line:TUHR10TKB.CNhs11257.10471-106I3	1.4	0.122
cell_line	mesodermal tumor cell line:HIRS-BM.CNhs12191.10696-109G3	1.3	0.114
cell_line	endometrial stromal sarcoma cell line:OMC-9.CNhs11249.10448-106F7	1.2	0.118
cell_line	hepatoblastoma cell line:HuH-6.CNhs11742.10633-108I3	1.2	0.109
cell_line	carcinosarcoma cell line:JHUCS-1.CNhs11747.10642-109A3	0.5	0.098
cell_line	fibrosarcoma cell line:HT-1080.CNhs11860.10758-110E2	0.1	0.08
cell_line	Wilms' tumor cell line:G-401.CNhs11892.10809-111A8	0.0	0.0
cell_line	Wilms' tumor cell line:HFWT.CNhs11728.10597-108E3	0.0	0.0
cell_line	acute myeloid leukemia (FAB M0) cell line:KG-1.CNhs13053.10827-111C8	0.0	0.0
cell_line	astrocytoma cell line:TM-31.CNhs10742.10425-106D2	0.0	0.0
cell_line	clear cell carcinoma cell line:JHOC-5.CNhs11745.10638-108I8	0.0	0.0
cell_line	glioblastoma cell line:T98G.CNhs11272.10485-107A8	0.0	0.0
cell_line	glioma cell line:GI-1.CNhs10731.10413-106B8	0.0	0.0
cell_line	neuroblastoma cell line:NB-1.CNhs11284.10539-107G8	0.0	0.0
cell_line	retinoblastoma cell line:Y79.CNhs11267.10475-106I7	0.0	0.0
cell_line	rhabdomyosarcoma cell line:KYM-1.CNhs11877.10787-110H4	0.0	0.0
fractionation	Fibroblast - skin dystrophia myotonica, donor3 (nuclear fraction).CNhs12399.14308-155C6	7.8	0.233
fractionation	Small Airway Epithelial Cells, donor3 (nuclear fraction).CNhs12583.14317-155D6	7.1	0.177
fractionation	Fibroblast - skin normal, donor2 (nuclear fraction).CNhs12582.14302-155B9	6.4	0.183
fractionation	Fibroblast - skin normal, donor1 (nuclear fraction).CNhs12403.14323-155E3	6.2	0.213
fractionation	Preadipocyte - breast, donor2 (nuclear fraction).CNhs12584.14320-155D9	6.1	0.228
fractionation	Smooth Muscle Cells - Aortic, donor0 (cytoplasmic fraction).CNhs12401.14313-155D2	6.0	0.341
fractionation	Fibroblast - skin dystrophia myotonica, donor1 (nuclear fraction).CNhs12405.14329-155E9	5.4	0.179
fractionation	Fibroblast - skin spinal muscular atrophy, donor1 (nuclear fraction).CNhs12404.14326-155E6	5.3	0.165
fractionation	Fibroblast - Aortic Adventitial, donor2 (nuclear fraction).CNhs12581.14332-155F3	5.2	0.227
fractionation	Fibroblast - skin spinal muscular atrophy, donor3 (nuclear fraction).CNhs12398.14305-155C3	4.6	0.179
fractionation	Fibroblast - Aortic Adventitial, donor3 (nuclear fraction).CNhs12400.14311-155C9	4.6	0.17
fractionation	Smooth Muscle Cells - Aortic, donor0 (nuclear fraction).CNhs12402.14314-155D3	4.4	0.219
primary_cell	CD4+CD25+CD45RA+ naive regulatory T cells, donor3.CNhs13513.11907-125F8	52.6	0.753
primary_cell	CD4+CD25-CD45RA+ naive conventional T cells, donor3.CNhs13512.11906-125F7	40.8	0.665
primary_cell	CD4+CD25-CD45RA+ naive conventional T cells, donor2.CNhs13205.11795-124C4	37.5	0.621
primary_cell	CD4+CD25+CD45RA+ naive regulatory T cells, donor2.CNhs13235.11796-124C5	37.4	0.636
primary_cell	CD4+CD25-CD45RA+ naive conventional T cells, donor1.CNhs13223.11784-124B2	32.6	0.58
primary_cell	CD14+ monocytes - treated with B-glucan, donor3.CNhs13495.11889-125D8	32.2	0.645
primary_cell	CD4+ T Cells, donor1.CNhs10853.11225-116C1	31.3	0.531
primary_cell	CD4+ T Cells, donor2.CNhs11955.11306-117C1	30.7	0.542
primary_cell	CD4+CD25+CD45RA+ naive regulatory T cells, donor1.CNhs13238.11780-124A7	29.7	0.563
primary_cell	CD8+ T Cells (pluriselect), donor090612, donation3.CNhs12187.12211-129D6	29.6	0.577
primary_cell	CD8+ T Cells (pluriselect), donor090309, donation2.CNhs12178.12191-129B4	29.3	0.563
primary_cell	CD14+ monocytes - treated with B-glucan, donor2.CNhs13489.11879-125C7	28.0	0.616
primary_cell	CD4+ T Cells, donor3.CNhs11998.11382-118B5	27.3	0.517
primary_cell	Cardiac Myocyte, donor1.CNhs12341.11525-119I4	26.8	0.567
primary_cell	CD8+ T Cells, donor3.CNhs11999.11383-118B6	26.4	0.494
primary_cell	CD14+ monocytes - treated with Candida, donor2.CNhs13488.11878-125C6	25.8	0.589
primary_cell	CD8+ T Cells (pluriselect), donor090309, donation1.CNhs12176.12186-129A8	25.8	0.508
primary_cell	CD4+CD25-CD45RA- memory conventional T cells, donor2.CNhs13237.11798-124C7	25.4	0.507
primary_cell	CD8+ T Cells, donor2.CNhs11956.11307-117C2	25.1	0.478
primary_cell	CD8+ T Cells (pluriselect), donor090612, donation1.CNhs12182.12201-129C5	25.0	0.516
primary_cell	CD8+ T Cells, donor1.CNhs10854.11226-116C2	24.8	0.473
primary_cell	Natural Killer Cells, donor2.CNhs11957.11311-117C6	23.9	0.468
primary_cell	CD4+CD25+CD45RA- memory regulatory T cells, donor2.CNhs13206.11797-124C6	23.9	0.518
primary_cell	CD8+ T Cells (pluriselect), donor090325, donation2.CNhs12199.12171-128I2	23.0	0.48
primary_cell	CD4+CD25+CD45RA- memory regulatory T cells, donor3.CNhs13538.11908-125F9	22.5	0.458
primary_cell	Melanocyte - light, donor3.CNhs12033.11423-118G1	22.2	0.579
primary_cell	CD4+CD25+CD45RA- memory regulatory T cells, donor1.CNhs13195.11782-124A9	22.1	0.494
primary_cell	CD14+ monocytes - treated with Candida, donor3.CNhs13494.11888-125D7	21.7	0.545
primary_cell	CD4+CD25-CD45RA- memory conventional T cells, donor3.CNhs13539.11909-125G1	21.5	0.433
primary_cell	Renal Mesangial Cells, donor3.CNhs12121.11679-122H5	21.1	0.602
primary_cell	Hepatic Sinusoidal Endothelial Cells, donor2.CNhs12092.11601-120H8	21.0	0.598
primary_cell	CD4+CD25-CD45RA- memory conventional T cells, donor1.CNhs13239.11786-124B4	20.7	0.446
primary_cell	Renal Glomerular Endothelial Cells, donor4.CNhs13080.11783-124B1	20.0	0.568
primary_cell	CD8+ T Cells (pluriselect), donor090325, donation1.CNhs12201.12148-128F6	19.7	0.425
primary_cell	CD4+CD25+CD45RA- memory regulatory T cells expanded, donor3.CNhs13812.11920-125H3	19.4	0.442
primary_cell	CD8+ T Cells (pluriselect), donor090309, donation3.CNhs12180.12196-129B9	19.0	0.454
primary_cell	Natural Killer Cells, donor3.CNhs12001.11387-118C1	18.9	0.393
primary_cell	CD8+ T Cells (pluriselect), donor090612, donation2.CNhs12184.12206-129D1	18.7	0.411
primary_cell	Alveolar Epithelial Cells, donor2.CNhs12084.11590-120G6	18.1	0.563
primary_cell	Mallassez-derived cells, donor1 (MZH3).CNhs12538.12142-128E9	17.8	0.603
primary_cell	immature langerhans cells, donor2.CNhs13480.11905-125F6	17.8	0.421
primary_cell	CD14+ monocytes - treated with Candida, donor1.CNhs13473.11868-125B5	17.6	0.508
primary_cell	Renal Epithelial Cells, donor2.CNhs12088.11597-120H4	17.5	0.551
primary_cell	Natural Killer Cells, donor1.CNhs10859.11230-116C6	17.3	0.371
primary_cell	Renal Epithelial Cells, donor1.CNhs11332.11517-119H5	17.3	0.515
primary_cell	CD19+ B Cells, donor3.CNhs12354.11705-123B4	17.2	0.398
primary_cell	Neurons, donor1.CNhs12338.11494-119E9	17.0	0.412
primary_cell	Endothelial Cells - Vein, donor1.CNhs12497.11267-116G7	16.9	0.493
primary_cell	Peripheral Blood Mononuclear Cells, donor3.CNhs12002.11388-118C2	16.6	0.379
primary_cell	Dendritic Cells - plasmacytoid, donor2.CNhs12196.11309-117C4	16.6	0.426
primary_cell	CD4+CD25+CD45RA- memory regulatory T cells expanded, donor2.CNhs13811.11916-125G8	16.5	0.389
primary_cell	CD4+CD25-CD45RA+ naive conventional T cells expanded, donor1.CNhs13202.11791-124B9	16.5	0.373
primary_cell	CD19+ B Cells, donor1.CNhs12343.11544-120B5	16.5	0.384
primary_cell	Astrocyte - cerebellum, donor2.CNhs12081.11580-120F5	16.3	0.518
primary_cell	Smooth Muscle Cells - Esophageal, donor1.CNhs11324.11508-119G5	16.1	0.548
primary_cell	Neurons, donor2.CNhs12726.11574-120E8	16.1	0.397
primary_cell	CD19+ B Cells (pluriselect), donor090309, donation3.CNhs12181.12199-129C3	16.0	0.384
primary_cell	Neurons, donor3.CNhs13815.11655-122E8	15.9	0.412
primary_cell	Osteoblast - differentiated, donor2.CNhs11980.11353-117H3	15.9	0.549
primary_cell	Fibroblast - Lymphatic, donor3.CNhs12118.11667-122G2	15.8	0.579
primary_cell	Dendritic Cells - plasmacytoid, donor1.CNhs10857.11228-116C4	15.7	0.416
primary_cell	CD4+CD25-CD45RA+ naive conventional T cells expanded, donor2.CNhs13813.11913-125G5	15.6	0.357
primary_cell	Keratocytes, donor2.CNhs12095.11607-120I5	15.6	0.559
primary_cell	migratory langerhans cells, donor2.CNhs13536.11902-125F3	15.4	0.425
primary_cell	granulocyte macrophage progenitor, donor1.CNhs12519.12131-128D7	15.3	0.299
primary_cell	Tracheal Epithelial Cells, donor3.CNhs12051.11441-118I1	15.2	0.542
primary_cell	Whole blood (ribopure), donor090325, donation2.CNhs11076.12177-128I8	15.2	0.401
primary_cell	Renal Mesangial Cells, donor1.CNhs11333.11518-119H6	15.2	0.532
primary_cell	Mesenchymal Stem Cells - bone marrow, donor3.CNhs12126.11697-123A5	14.9	0.516
primary_cell	Pericytes, donor1.CNhs11317.11491-119E6	14.9	0.54
primary_cell	Placental Epithelial Cells, donor1.CNhs11079.11278-116H9	14.9	0.499
primary_cell	Pericytes, donor2.CNhs12079.11571-120E5	14.8	0.544
primary_cell	Adipocyte - subcutaneous, donor3.CNhs12017.11408-118E4	14.6	0.527
primary_cell	CD4+CD25+CD45RA+ naive regulatory T cells expanded, donor1.CNhs13203.11793-124C2	14.5	0.347
primary_cell	Melanocyte - light, donor1.CNhs11303.11274-116H5	14.5	0.44
primary_cell	CD34+ stem cells - adult bone marrow derived, donor1, tech_rep1.CNhs12588.12225-129F2	14.5	0.332
primary_cell	Trabecular Meshwork Cells, donor1.CNhs11340.11532-120A2	14.4	0.494
primary_cell	Peripheral Blood Mononuclear Cells, donor2.CNhs11958.11312-117C7	14.2	0.356
primary_cell	CD4+CD25+CD45RA- memory regulatory T cells expanded, donor1.CNhs13204.11794-124C3	14.1	0.341
primary_cell	immature langerhans cells, donor1.CNhs13537.11904-125F5	13.9	0.383
primary_cell	Macrophage - monocyte derived, donor3.CNhs12003.11389-118C3	13.8	0.411
primary_cell	Mammary Epithelial Cell, donor3.CNhs12032.11422-118F9	13.8	0.466
primary_cell	CD133+ stem cells - adult bone marrow derived, pool1.CNhs12552.12224-129F1	13.8	0.316
primary_cell	CD19+ B Cells (pluriselect), donor090612, donation1.CNhs12183.12204-129C8	13.8	0.342
primary_cell	Sebocyte, donor1.CNhs10847.11220-116B5	13.8	0.452
primary_cell	Peripheral Blood Mononuclear Cells, donor1.CNhs10860.11231-116C7	13.6	0.336
primary_cell	CD19+ B Cells (pluriselect), donor090325, donation2.CNhs12175.12174-128I5	13.6	0.333
primary_cell	Keratinocyte - epidermal, donor1.CNhs11064.11272-116H3	13.5	0.461
primary_cell	Astrocyte - cerebellum, donor3.CNhs12117.11661-122F5	13.5	0.507
primary_cell	CD4+CD25-CD45RA- memory conventional T cells expanded, donor1.CNhs13215.11792-124C1	13.4	0.305
primary_cell	Macrophage - monocyte derived, donor2.CNhs11899.11313-117C8	13.3	0.458
primary_cell	CD14+ monocytes - treated with Trehalose dimycolate (TDM), donor3.CNhs13544.11882-125D1	13.2	0.442
primary_cell	CD19+ B Cells (pluriselect), donor090309, donation2.CNhs12179.12194-129B7	13.1	0.347
primary_cell	Adipocyte - perirenal, donor1.CNhs12069.11476-119C9	13.1	0.52
primary_cell	CD14+ monocytes - treated with BCG, donor2.CNhs13475.11870-125B7	13.1	0.459
primary_cell	CD14+ monocytes - treated with Salmonella, donor2.CNhs13485.11876-125C4	13.0	0.461
primary_cell	CD4+CD25-CD45RA+ naive conventional T cells expanded, donor3.CNhs13814.11917-125G9	13.0	0.322
primary_cell	CD19+ B Cells, donor2.CNhs12352.11624-122B4	12.9	0.345
primary_cell	Endothelial Cells - Aortic, donor1.CNhs12495.11263-116G3	12.9	0.466
primary_cell	migratory langerhans cells, donor1.CNhs13535.11901-125F2	12.9	0.387
primary_cell	Fibroblast - Cardiac, donor3.CNhs12027.11417-118F4	12.8	0.471
primary_cell	CD19+ B Cells (pluriselect), donor090325, donation1.CNhs12531.12151-128F9	12.8	0.317
primary_cell	CD19+ B Cells (pluriselect), donor090612, donation2.CNhs12185.12209-129D4	12.6	0.333
primary_cell	Smooth Muscle Cells - Bronchial, donor1.CNhs11328.11512-119G9	12.5	0.54
primary_cell	Hair Follicle Dermal Papilla Cells, donor3.CNhs12030.11420-118F7	12.4	0.44
primary_cell	CD19+ B Cells (pluriselect), donor090612, donation3.CNhs12188.12214-129D9	12.4	0.323
primary_cell	Endothelial Cells - Vein, donor2.CNhs11377.11344-117G3	12.3	0.444
primary_cell	Dendritic Cells - plasmacytoid, donor3.CNhs12200.11385-118B8	12.3	0.359
primary_cell	Mesothelial Cells, donor2.CNhs12197.12156-128G5	12.2	0.492
primary_cell	Renal Proximal Tubular Epithelial Cell, donor3.CNhs12120.11676-122H2	12.1	0.465
primary_cell	Hepatic Stellate Cells (lipocyte), donor1.CNhs11335.11524-119I3	11.9	0.47
primary_cell	Corneal Epithelial Cells, donor3.CNhs12123.11687-122I4	11.9	0.474
primary_cell	CD14+ monocyte derived endothelial progenitor cells, donor3.CNhs11904.11386-118B9	11.8	0.359
primary_cell	nasal epithelial cells, donor2.CNhs12574.12227-129F4	11.8	0.359
primary_cell	Mast cell, donor2.CNhs12594.11565-120D8	11.8	0.295
primary_cell	Retinal Pigment Epithelial Cells, donor1.CNhs11338.11528-119I7	11.8	0.442
primary_cell	CD34+ Progenitors, donor2.CNhs12205.11625-122B5	11.8	0.322
primary_cell	Hepatic Stellate Cells (lipocyte), donor2.CNhs12093.11604-120I2	11.8	0.497
primary_cell	Mesothelial Cells, donor1.CNhs10850.11247-116E5	11.8	0.442
primary_cell	Neural stem cells, donor2.CNhs11384.11352-117H2	11.7	0.275
primary_cell	Renal Proximal Tubular Epithelial Cell, donor2.CNhs12087.11595-120H2	11.6	0.469
primary_cell	Astrocyte - cerebellum, donor1.CNhs11321.11500-119F6	11.6	0.387
primary_cell	Endothelial Cells - Artery, donor2.CNhs11977.11341-117F9	11.6	0.379
primary_cell	Mast cell, donor3.CNhs12593.11566-120D9	11.5	0.289
primary_cell	Placental Epithelial Cells, donor3.CNhs12037.11427-118G5	11.5	0.398
primary_cell	CD14+ monocytes - treated with Cryptococcus, donor2.CNhs13487.11877-125C5	11.5	0.435
primary_cell	CD14+ monocytes - treated with Cryptococcus, donor3.CNhs13546.11887-125D6	11.5	0.428
primary_cell	Meningeal Cells, donor1.CNhs11320.11493-119E8	11.4	0.379
primary_cell	Whole blood (ribopure), donor090325, donation1.CNhs11075.12176-128I7	11.4	0.311
primary_cell	CD14+ monocytes - treated with lipopolysaccharide, donor2.CNhs13533.11875-125C3	11.4	0.427
primary_cell	Tracheal Epithelial Cells, donor2.CNhs11993.11369-118A1	11.4	0.428
primary_cell	CD14+ monocytes - treated with B-glucan, donor1.CNhs13474.11869-125B6	11.4	0.435
primary_cell	Endothelial Cells - Thoracic, donor2.CNhs11978.11343-117G2	11.3	0.418
primary_cell	Esophageal Epithelial Cells, donor1.CNhs11323.11507-119G4	11.3	0.492
primary_cell	Endothelial Cells - Artery, donor1.CNhs12496.11264-116G4	11.3	0.435
primary_cell	CD14+ Monocytes, donor3.CNhs11997.11381-118B4	11.3	0.326
primary_cell	CD14+ monocytes - treated with Group A streptococci, donor2.CNhs13532.11874-125C2	11.2	0.428
primary_cell	Gingival epithelial cells, donor1 (GEA11).CNhs11061.11221-116B6	11.2	0.423
primary_cell	Dendritic Cells - monocyte immature derived, donor3.CNhs12000.11384-118B7	11.2	0.376
primary_cell	Skeletal Muscle Cells, donor1.CNhs11083.11281-116I3	11.1	0.366
primary_cell	Mast cell, donor4.CNhs12592.11567-120E1	11.1	0.284
primary_cell	Endothelial Cells - Aortic, donor2.CNhs11375.11340-117F8	11.1	0.411
primary_cell	Mesenchymal stem cells - umbilical, donor0.CNhs12492.11214-116A8	11.1	0.425
primary_cell	Melanocyte - dark, donor3.CNhs12570.11663-122F7	11.0	0.303
primary_cell	Bronchial Epithelial Cell, donor4.CNhs12054.11453-119A4	11.0	0.416
primary_cell	Hair Follicle Dermal Papilla Cells, donor2.CNhs11979.11348-117G7	10.9	0.385
primary_cell	Alveolar Epithelial Cells, donor1.CNhs11325.11510-119G7	10.8	0.475
primary_cell	Mesenchymal Stem Cells - bone marrow, donor1.CNhs11344.11536-120A6	10.8	0.432
primary_cell	Endothelial Cells - Microvascular, donor3.CNhs12024.11414-118F1	10.7	0.38
primary_cell	Mesenchymal Stem Cells - adipose, donor1.CNhs11345.11537-120A7	10.7	0.397
primary_cell	Renal Proximal Tubular Epithelial Cell, donor1.CNhs11330.11515-119H3	10.7	0.422
primary_cell	Fibroblast - Cardiac, donor2.CNhs11378.11345-117G4	10.7	0.395
primary_cell	Fibroblast - Cardiac, donor1.CNhs12498.11268-116G8	10.7	0.373
primary_cell	Prostate Epithelial Cells (polarized), donor1.CNhs10882.11253-116F2	10.6	0.284
primary_cell	Osteoblast, donor2.CNhs11385.11354-117H4	10.6	0.352
primary_cell	Endothelial Cells - Vein, donor3.CNhs12026.11416-118F3	10.6	0.35
primary_cell	Renal Glomerular Endothelial Cells, donor3.CNhs12624.11675-122H1	10.6	0.33
primary_cell	Melanocyte - light, donor2.CNhs11383.11351-117H1	10.5	0.364
primary_cell	Bronchial Epithelial Cell, donor5.CNhs12058.11457-119A8	10.5	0.437
primary_cell	Smooth Muscle Cells - Coronary Artery, donor3.CNhs12045.11435-118H4	10.5	0.421
primary_cell	Prostate Epithelial Cells, donor3.CNhs12014.11404-118D9	10.5	0.385
primary_cell	CD14+ monocytes - treated with Trehalose dimycolate (TDM), donor2.CNhs13483.11872-125B9	10.4	0.393
primary_cell	Basophils, donor2.CNhs12563.12242-129H1	10.4	0.298
primary_cell	Multipotent Cord Blood Unrestricted Somatic Stem Cells, donor2.CNhs12105.11629-122B9	10.3	0.381
primary_cell	Whole blood (ribopure), donor090612, donation3.CNhs11949.12184-129A6	10.3	0.289
primary_cell	Renal Glomerular Endothelial Cells, donor1.CNhs12074.11514-119H2	10.2	0.437
primary_cell	nasal epithelial cells, donor1, tech_rep1.CNhs12589.12226-129F3	10.2	0.427
primary_cell	Olfactory epithelial cells, donor4.CNhs13819.11936-126A1	10.2	0.347
primary_cell	Smooth Muscle Cells - Pulmonary Artery, donor2.CNhs11989.11365-117I6	10.2	0.411
primary_cell	Urothelial Cells, donor2.CNhs12091.11600-120H7	10.1	0.436
primary_cell	Astrocyte - cerebral cortex, donor1.CNhs10864.11235-116D2	10.0	0.251
primary_cell	Adipocyte - omental, donor2.CNhs12067.11474-119C7	10.0	0.427
primary_cell	Placental Epithelial Cells, donor2.CNhs11386.11355-117H5	10.0	0.383
primary_cell	Mesenchymal Stem Cells - bone marrow, donor2.CNhs12100.11616-122A5	9.9	0.393
primary_cell	Fibroblast - Pulmonary Artery, donor1.CNhs10878.11250-116E8	9.9	0.392
primary_cell	Smooth Muscle Cells - Aortic, donor1.CNhs11085.11283-116I5	9.9	0.347
primary_cell	Lens Epithelial Cells, donor2.CNhs12568.11609-120I7	9.9	0.278
primary_cell	CD14+ monocytes - treated with Trehalose dimycolate (TDM), donor1.CNhs13467.11862-125A8	9.8	0.401
primary_cell	Mesenchymal stem cells - adipose, donor0.CNhs10844.11217-116B2	9.8	0.374
primary_cell	Urothelial Cells, donor3.CNhs12122.11681-122H7	9.8	0.465
primary_cell	Sebocyte, donor2.CNhs11951.11301-117B5	9.8	0.402
primary_cell	Whole blood (ribopure), donor090612, donation2.CNhs11673.12183-129A5	9.7	0.316
primary_cell	Renal Glomerular Endothelial Cells, donor2.CNhs12086.11594-120H1	9.7	0.414
primary_cell	Meningeal Cells, donor3.CNhs12731.11654-122E7	9.7	0.326
primary_cell	salivary acinar cells, donor3.CNhs12812.11773-123I9	9.7	0.286
primary_cell	Cardiac Myocyte, donor3.CNhs12571.11686-122I3	9.6	0.37
primary_cell	Osteoblast, donor3.CNhs12036.11426-118G4	9.6	0.326
primary_cell	Smooth Muscle Cells - Aortic, donor2.CNhs11305.11360-117I1	9.6	0.442
primary_cell	Smooth Muscle Cells - Umbilical Artery, donor3.CNhs12049.11439-118H8	9.6	0.427
primary_cell	Smooth Muscle Cells - Internal Thoracic Artery, donor2.CNhs11988.11364-117I5	9.5	0.356
primary_cell	Renal Cortical Epithelial Cells, donor1.CNhs11331.11516-119H4	9.5	0.408
primary_cell	Gingival epithelial cells, donor3 (GEA15).CNhs11903.11379-118B2	9.5	0.341
primary_cell	Smooth Muscle Cells - Umbilical Vein, donor2.CNhs12569.11621-122B1	9.4	0.388
primary_cell	Prostate Epithelial Cells, donor2.CNhs11972.11331-117E8	9.4	0.379
primary_cell	Endothelial Cells - Artery, donor3.CNhs12023.11413-118E9	9.4	0.342
primary_cell	Fibroblast - Gingival, donor5 (GFH3).CNhs11952.11303-117B7	9.4	0.324
primary_cell	mesenchymal precursor cell - ovarian cancer metastasis, donor2.CNhs13093.11835-124G8	9.4	0.345
primary_cell	Fibroblast - Gingival, donor2.CNhs11961.11318-117D4	9.3	0.28
primary_cell	Fibroblast - Dermal, donor6.CNhs12059.11458-119A9	9.3	0.286
primary_cell	Smooth Muscle Cells - Tracheal, donor1.CNhs11329.11513-119H1	9.3	0.493
primary_cell	Mast cell, donor1.CNhs12566.11563-120D6	9.2	0.257
primary_cell	Preadipocyte - omental, donor1.CNhs11065.11468-119C1	9.2	0.374
primary_cell	Endothelial Cells - Thoracic, donor1.CNhs11926.11266-116G6	9.2	0.324
primary_cell	Whole blood (ribopure), donor090309, donation2.CNhs11671.12180-129A2	9.2	0.289
primary_cell	migratory langerhans cells, donor3.CNhs13547.11903-125F4	9.2	0.317
primary_cell	Endothelial Cells - Aortic, donor0.CNhs10837.11207-116A1	9.1	0.317
primary_cell	Fibroblast - Dermal, donor2.CNhs11379.11346-117G5	9.1	0.365
primary_cell	amniotic membrane cells, donor1.CNhs12502.12235-129G3	9.1	0.286
primary_cell	Myoblast, donor2.CNhs11965.11322-117D8	9.0	0.305
primary_cell	Chondrocyte - de diff, donor1.CNhs11923.11261-116G1	9.0	0.34
primary_cell	Skeletal Muscle Satellite Cells, donor3.CNhs12008.11397-118D2	9.0	0.27
primary_cell	Basophils, donor3.CNhs12575.12243-129H2	9.0	0.297
primary_cell	Fibroblast - Dermal, donor3.CNhs12028.11418-118F5	9.0	0.38
primary_cell	Preadipocyte - perirenal, donor1.CNhs12065.11469-119C2	8.9	0.423
primary_cell	Astrocyte - cerebral cortex, donor2.CNhs11960.11316-117D2	8.9	0.224
primary_cell	Hepatocyte, donor1.CNhs12340.11523-119I2	8.9	0.307
primary_cell	CD14+ Monocytes, donor1.CNhs10852.11224-116B9	8.9	0.307
primary_cell	Endothelial Cells - Microvascular, donor1.CNhs11925.11265-116G5	8.9	0.346
primary_cell	Hepatocyte, donor3.CNhs12626.11684-122I1	8.9	0.281
primary_cell	Keratocytes, donor1.CNhs11337.11527-119I6	8.8	0.373
primary_cell	Preadipocyte - subcutaneous, donor2.CNhs11981.11356-117H6	8.8	0.314
primary_cell	Trabecular Meshwork Cells, donor3.CNhs12124.11693-123A1	8.7	0.331
primary_cell	Amniotic Epithelial Cells, donor1.CNhs11341.11533-120A3	8.7	0.321
primary_cell	Fibroblast - Aortic Adventitial, donor1.CNhs10874.11245-116E3	8.7	0.316
primary_cell	Amniotic Epithelial Cells, donor3.CNhs12125.11694-123A2	8.7	0.388
primary_cell	Nucleus Pulposus Cell, donor3.CNhs12063.11462-119B4	8.7	0.364
primary_cell	Lens Epithelial Cells, donor1.CNhs12342.11529-119I8	8.7	0.321
primary_cell	Synoviocyte, donor2.CNhs11992.11368-117I9	8.7	0.361
primary_cell	Fibroblast - Choroid Plexus, donor2.CNhs12344.11572-120E6	8.6	0.318
primary_cell	Whole blood (ribopure), donor090309, donation1.CNhs11675.12179-129A1	8.6	0.281
primary_cell	Urothelial Cells, donor1.CNhs11334.11520-119H8	8.6	0.445
primary_cell	Skeletal Muscle Cells, donor5.CNhs12056.11455-119A6	8.6	0.288
primary_cell	Myoblast, donor3.CNhs11908.11398-118D3	8.6	0.293
primary_cell	CD14+ monocytes - treated with lipopolysaccharide, donor3.CNhs13545.11885-125D4	8.5	0.393
primary_cell	Olfactory epithelial cells, donor1.CNhs13816.11933-125I7	8.5	0.327
primary_cell	Nucleus Pulposus Cell, donor2.CNhs12019.11409-118E5	8.5	0.356
primary_cell	Adipocyte - omental, donor3.CNhs12068.11475-119C8	8.5	0.384
primary_cell	Intestinal epithelial cells (polarized), donor1.CNhs10875.11246-116E4	8.5	0.243
primary_cell	Preadipocyte - visceral, donor3.CNhs12039.11429-118G7	8.5	0.333
primary_cell	Mesenchymal Stem Cells - adipose, donor3.CNhs12922.11698-123A6	8.5	0.327
primary_cell	Skeletal Muscle Cells, donor4.CNhs12053.11451-119A2	8.3	0.289
primary_cell	Chondrocyte - de diff, donor3.CNhs12020.11410-118E6	8.3	0.324
primary_cell	Fibroblast - Dermal, donor5.CNhs12055.11454-119A5	8.3	0.261
primary_cell	mesenchymal precursor cell - cardiac, donor1.CNhs12368.11752-123G6	8.2	0.374
primary_cell	Renal Epithelial Cells, donor3.CNhs12732.11678-122H4	8.2	0.286
primary_cell	Lens Epithelial Cells, donor3.CNhs12572.11690-122I7	8.2	0.327
primary_cell	Preadipocyte - omental, donor2.CNhs11902.11329-117E6	8.2	0.351
primary_cell	Gingival epithelial cells, donor2 (GEA14).CNhs11896.11302-117B6	8.2	0.311
primary_cell	Adipocyte - breast, donor2.CNhs11969.11327-117E4	8.1	0.323
primary_cell	Skeletal Muscle Cells, donor6.CNhs12060.11459-119B1	8.1	0.271
primary_cell	Dendritic Cells - monocyte immature derived, donor1, tech_rep1.CNhs10855.11227-116C3	8.1	0.311
primary_cell	mesenchymal precursor cell - ovarian cancer left ovary, donor2.CNhs13092.11833-124G6	8.1	0.323
primary_cell	Preadipocyte - omental, donor3.CNhs12013.11403-118D8	8.0	0.347
primary_cell	CD14+ monocytes - treated with BCG, donor3.CNhs13543.11880-125C8	8.0	0.376
primary_cell	Chondrocyte - de diff, donor2.CNhs11372.11338-117F6	8.0	0.333
primary_cell	mesenchymal precursor cell - cardiac, donor2.CNhs12369.11753-123G7	8.0	0.313
primary_cell	mesenchymal precursor cell - ovarian cancer right ovary, donor2.CNhs12375.11759-123H4	8.0	0.303
primary_cell	Preadipocyte - subcutaneous, donor3.CNhs12038.11428-118G6	8.0	0.343
primary_cell	Retinal Pigment Epithelial Cells, donor0.CNhs10842.11215-116A9	7.9	0.27
primary_cell	Synoviocyte, donor3.CNhs12050.11440-118H9	7.9	0.322
primary_cell	Smooth Muscle Cells - Coronary Artery, donor1.CNhs11088.11286-116I8	7.9	0.393
primary_cell	Neural stem cells, donor1.CNhs11063.11275-116H6	7.9	0.234
primary_cell	Smooth Muscle Cells - Brachiocephalic, donor3.CNhs12043.11433-118H2	7.9	0.383
primary_cell	Keratinocyte - epidermal, donor2.CNhs11381.11349-117G8	7.9	0.378
primary_cell	Olfactory epithelial cells, donor2.CNhs13817.11934-125I8	7.9	0.317
primary_cell	Smooth Muscle Cells - Carotid, donor3.CNhs12044.11434-118H3	7.8	0.381
primary_cell	Meningeal Cells, donor2.CNhs12080.11573-120E7	7.8	0.316
primary_cell	CD14+ monocyte derived endothelial progenitor cells, donor1.CNhs10858.11229-116C5	7.8	0.274
primary_cell	Skeletal muscle cells differentiated into Myotubes - multinucleated, donor1.CNhs11084.11282-116I4	7.8	0.269
primary_cell	Osteoblast - differentiated, donor1.CNhs11311.11276-116H7	7.8	0.346
primary_cell	Fibroblast - Cardiac, donor5.CNhs12057.11456-119A7	7.8	0.275
primary_cell	Fibroblast - Dermal, donor1.CNhs12499.11269-116G9	7.8	0.342
primary_cell	Fibroblast - skin walker warburg, donor1.CNhs11352.11554-120C6	7.8	0.295
primary_cell	Eosinophils, donor3.CNhs12549.12246-129H5	7.8	0.347
primary_cell	Ciliary Epithelial Cells, donor1.CNhs10871.11242-116D9	7.8	0.213
primary_cell	Smooth Muscle Cells - Umbilical Artery, donor2.CNhs11991.11367-117I8	7.7	0.313
primary_cell	Smooth Muscle Cells - Umbilical Vein, donor1.CNhs12597.11541-120B2	7.7	0.261
primary_cell	Smooth Muscle Cells - Subclavian Artery, donor1.CNhs11090.11289-117A2	7.7	0.324
primary_cell	CD14+ monocytes - treated with Cryptococcus, donor1.CNhs13472.11867-125B4	7.7	0.355
primary_cell	Mesenchymal Stem Cells - amniotic membrane, donor1.CNhs11349.11547-120B8	7.7	0.305
primary_cell	CD14+ monocytes - treated with Group A streptococci, donor3.CNhs13492.11884-125D3	7.7	0.354
primary_cell	Astrocyte - cerebral cortex, donor3.CNhs12005.11392-118C6	7.7	0.199
primary_cell	Smooth Muscle Cells - Brain Vascular, donor3.CNhs12004.11391-118C5	7.6	0.311
primary_cell	mesenchymal precursor cell - ovarian cancer metastasis, donor4.CNhs13097.11838-124H2	7.6	0.328
primary_cell	Adipocyte - subcutaneous, donor1.CNhs12494.11259-116F8	7.6	0.366
primary_cell	Mesothelial Cells, donor3.CNhs12012.11402-118D7	7.6	0.303
primary_cell	Mallassez-derived cells, donor2.CNhs13550.11929-125I3	7.6	0.313
primary_cell	Ciliary Epithelial Cells, donor3.CNhs12009.11399-118D4	7.6	0.232
primary_cell	Small Airway Epithelial Cells, donor3.CNhs12016.11406-118E2	7.5	0.305
primary_cell	Retinal Pigment Epithelial Cells, donor3.CNhs12733.11689-122I6	7.5	0.298
primary_cell	CD14+ monocytes - treated with Salmonella, donor3.CNhs13493.11886-125D5	7.5	0.373
primary_cell	mesenchymal precursor cell - adipose, donor1.CNhs12363.11747-123G1	7.5	0.29
primary_cell	Keratinocyte - epidermal, donor3.CNhs12031.11421-118F8	7.4	0.267
primary_cell	Hair Follicle Outer Root Sheath Cells, donor1.CNhs12339.11504-119G1	7.4	0.322
primary_cell	CD14+ Monocytes, donor2.CNhs11954.11305-117B9	7.4	0.281
primary_cell	Bronchial Epithelial Cell, donor6.CNhs12062.11461-119B3	7.4	0.327
primary_cell	tenocyte, donor2.CNhs12640.11765-123I1	7.4	0.295
primary_cell	Macrophage - monocyte derived, donor1.CNhs10861.11232-116C8	7.4	0.269
primary_cell	Cardiac Myocyte, donor2.CNhs12350.11605-120I3	7.4	0.293
primary_cell	chorionic membrane cells, donor2.CNhs12506.12239-129G7	7.3	0.242
primary_cell	Small Airway Epithelial Cells, donor2.CNhs11975.11334-117F2	7.3	0.289
primary_cell	Smooth Muscle Cells - Subclavian Artery, donor2.CNhs11990.11366-117I7	7.3	0.359
primary_cell	Corneal Epithelial Cells, donor1.CNhs11336.11526-119I5	7.3	0.385
primary_cell	Mammary Epithelial Cell, donor2.CNhs11382.11350-117G9	7.3	0.259
primary_cell	CD14+ monocytes - treated with lipopolysaccharide, donor1.CNhs13470.11865-125B2	7.3	0.314
primary_cell	Hair Follicle Outer Root Sheath Cells, donor2.CNhs12347.11584-120F9	7.2	0.385
primary_cell	Smooth Muscle Cells - Tracheal, donor3.CNhs12894.11674-122G9	7.2	0.281
primary_cell	Prostate Stromal Cells, donor3.CNhs12015.11405-118E1	7.2	0.322
primary_cell	Renal Cortical Epithelial Cells, donor2.CNhs12728.11596-120H3	7.2	0.267
primary_cell	Chondrocyte - re diff, donor2.CNhs11373.11339-117F7	7.2	0.293
primary_cell	Smooth Muscle Cells - Colonic, donor2.CNhs11963.11320-117D6	7.1	0.272
primary_cell	Whole blood (ribopure), donor090612, donation1.CNhs11672.12182-129A4	7.1	0.265
primary_cell	CD14+ monocyte derived endothelial progenitor cells, donor2.CNhs11897.11310-117C5	7.1	0.261
primary_cell	mesenchymal precursor cell - bone marrow, donor3.CNhs13098.11840-124H4	7.1	0.303
primary_cell	Small Airway Epithelial Cells, donor1.CNhs10884.11256-116F5	7.1	0.318
primary_cell	Prostate Stromal Cells, donor2.CNhs11973.11332-117E9	7.1	0.272
primary_cell	Ciliary Epithelial Cells, donor2.CNhs11966.11323-117D9	7.1	0.229
primary_cell	Basophils, donor1.CNhs12546.12241-129G9	7.1	0.267
primary_cell	CD19+ B Cells (pluriselect), donor090309, donation1.CNhs12177.12189-129B2	7.0	0.247
primary_cell	Fibroblast - Conjunctival, donor1.CNhs11339.11531-120A1	7.0	0.316
primary_cell	Dendritic Cells - monocyte immature derived, donor1, rep2.CNhs11062.11227-116C3	7.0	0.29
primary_cell	Adipocyte - subcutaneous, donor2.CNhs11371.11336-117F4	6.9	0.362
primary_cell	Adipocyte - breast, donor1.CNhs11051.11376-118A8	6.9	0.321
primary_cell	Fibroblast - Periodontal Ligament, donor1.CNhs10867.11238-116D5	6.9	0.224
primary_cell	Fibroblast - skin normal, donor1.CNhs11351.11553-120C5	6.9	0.289
primary_cell	Nucleus Pulposus Cell, donor1.CNhs10881.11252-116F1	6.9	0.275
primary_cell	Fibroblast - Cardiac, donor4.CNhs11909.11452-119A3	6.8	0.219
primary_cell	Fibroblast - Dermal, donor4.CNhs12052.11450-119A1	6.8	0.224
primary_cell	CD34 cells differentiated to erythrocyte lineage, biol_ rep1.CNhs13552.11931-125I5	6.8	0.231
primary_cell	mesenchymal precursor cell - ovarian cancer right ovary, donor4.CNhs13096.11837-124H1	6.8	0.257
primary_cell	chorionic membrane cells, donor1.CNhs12504.12238-129G6	6.7	0.242
primary_cell	Mallassez-derived cells, donor3.CNhs13551.11930-125I4	6.7	0.285
primary_cell	Prostate Stromal Cells, donor1.CNhs10883.11254-116F3	6.7	0.259
primary_cell	Fibroblast - skin spinal muscular atrophy, donor2.CNhs11911.11558-120D1	6.6	0.241
primary_cell	Mesenchymal Stem Cells - umbilical, donor3.CNhs12127.11700-123A8	6.6	0.319
primary_cell	Mesenchymal Stem Cells - hepatic, donor2.CNhs12730.11618-122A7	6.6	0.276
primary_cell	Smooth Muscle Cells - Subclavian Artery, donor3.CNhs12048.11438-118H7	6.6	0.333
primary_cell	CD14+ monocytes - mock treated, donor3.CNhs13491.11883-125D2	6.5	0.299
primary_cell	Mesenchymal Stem Cells - umbilical, donor1.CNhs11347.11539-120A9	6.5	0.316
primary_cell	tenocyte, donor3.CNhs12641.11768-123I4	6.5	0.289
primary_cell	salivary acinar cells, donor2.CNhs12811.11772-123I8	6.5	0.228
primary_cell	Smooth Muscle Cells - Colonic, donor1.CNhs10868.11239-116D6	6.5	0.257
primary_cell	Endothelial Cells - Lymphatic, donor1.CNhs10865.11236-116D3	6.5	0.255
primary_cell	Preadipocyte - breast, donor1.CNhs11052.11467-119B9	6.5	0.332
primary_cell	Sertoli Cells, donor1.CNhs10851.11255-116F4	6.4	0.262
primary_cell	Smooth Muscle Cells - Bronchial, donor2.CNhs12348.11592-120G8	6.4	0.285
primary_cell	Preadipocyte - visceral, donor1.CNhs11082.11280-116I2	6.4	0.245
primary_cell	chorionic membrane cells, donor3.CNhs12380.12240-129G8	6.4	0.261
primary_cell	mesenchymal precursor cell - cardiac, donor3.CNhs12370.11754-123G8	6.4	0.255
primary_cell	Fibroblast - Lymphatic, donor1.CNhs11322.11506-119G3	6.4	0.328
primary_cell	Fibroblast - Choroid Plexus, donor1.CNhs11319.11492-119E7	6.4	0.264
primary_cell	Adipocyte - omental, donor1.CNhs11054.11473-119C6	6.3	0.294
primary_cell	Smooth Muscle Cells - Internal Thoracic Artery, donor3.CNhs12046.11436-118H5	6.3	0.368
primary_cell	Fibroblast - Gingival, donor1.CNhs10866.11237-116D4	6.3	0.237
primary_cell	Smooth Muscle Cells - Brachiocephalic, donor1.CNhs11086.11284-116I6	6.3	0.326
primary_cell	Anulus Pulposus Cell, donor2.CNhs12064.11463-119B5	6.3	0.292
primary_cell	Endothelial Cells - Umbilical vein, donor1.CNhs10872.11243-116E1	6.3	0.203
primary_cell	Osteoblast - differentiated, donor3.CNhs12035.11425-118G3	6.2	0.247
primary_cell	Fibroblast - Periodontal Ligament, donor6 (PLH3).CNhs11996.11380-118B3	6.2	0.228
primary_cell	mesenchymal precursor cell - adipose, donor3.CNhs12365.11749-123G3	6.1	0.28
primary_cell	Mammary Epithelial Cell, donor1.CNhs11077.11273-116H4	6.1	0.236
primary_cell	Smooth Muscle Cells - Umbilical Artery, donor1.CNhs11091.11290-117A3	6.1	0.338
primary_cell	Endothelial Cells - Microvascular, donor2.CNhs11376.11342-117G1	6.1	0.285
primary_cell	Myoblast, donor1.CNhs10870.11241-116D8	6.1	0.271
primary_cell	Fibroblast - Aortic Adventitial, donor3.CNhs12011.11401-118D6	6.0	0.219
primary_cell	mesenchymal precursor cell - ovarian cancer metastasis, donor3.CNhs12378.11762-123H7	6.0	0.272
primary_cell	Fibroblast - Periodontal Ligament, donor2.CNhs11962.11319-117D5	6.0	0.188
primary_cell	Multipotent Cord Blood Unrestricted Somatic Stem Cells, donor1.CNhs11350.11549-120C1	6.0	0.27
primary_cell	CD14-CD16+ Monocytes, donor1.CNhs13229.11790-124B8	6.0	0.262
primary_cell	Neutrophils, donor2.CNhs11959.11314-117C9	6.0	0.313
primary_cell	Smooth Muscle Cells - Brain Vascular, donor1.CNhs10863.11234-116D1	6.0	0.247
primary_cell	Fibroblast - skin normal, donor2.CNhs11914.11561-120D4	5.9	0.232
primary_cell	Fibroblast - Gingival, donor4 (GFH2).CNhs10848.11222-116B7	5.9	0.233
primary_cell	amniotic membrane cells, donor2.CNhs12503.12236-129G4	5.9	0.188
primary_cell	Keratinocyte - oral, donor1.CNhs10879.11251-116E9	5.9	0.222
primary_cell	Hepatic Sinusoidal Endothelial Cells, donor1.CNhs12075.11521-119H9	5.9	0.285
primary_cell	Fibroblast - Cardiac, donor6.CNhs12061.11460-119B2	5.9	0.222
primary_cell	Preadipocyte - visceral, donor2.CNhs11982.11357-117H7	5.7	0.243
primary_cell	Whole blood (ribopure), donor090309, donation3.CNhs11948.12181-129A3	5.7	0.223
primary_cell	CD14+ monocytes - mock treated, donor2.CNhs13484.11873-125C1	5.7	0.303
primary_cell	CD14+CD16+ Monocytes, donor3.CNhs13549.11912-125G4	5.7	0.269
primary_cell	Endothelial Cells - Aortic, donor3.CNhs12022.11412-118E8	5.7	0.255
primary_cell	salivary acinar cells, donor1.CNhs12810.11771-123I7	5.6	0.215
primary_cell	Skeletal Muscle Satellite Cells, donor1.CNhs10869.11240-116D7	5.6	0.203
primary_cell	mesenchymal precursor cell - ovarian cancer right ovary, donor3 (SOC-57-02-G).CNhs13507.11842-124H6	5.6	0.247
primary_cell	Fibroblast - Periodontal Ligament, donor3.CNhs11907.11395-118C9	5.5	0.204
primary_cell	Fibroblast - Periodontal Ligament, donor5 (PL30).CNhs11953.11304-117B8	5.5	0.231
primary_cell	CD14+ monocytes - treated with Salmonella, donor1.CNhs13471.11866-125B3	5.5	0.345
primary_cell	Urothelial cells, donor0.CNhs10843.11216-116B1	5.5	0.252
primary_cell	CD14+ monocytes - treated with BCG, donor1.CNhs13465.11860-125A6	5.5	0.316
primary_cell	mesenchymal precursor cell - ovarian cancer left ovary, donor3.CNhs12376.11760-123H5	5.4	0.227
primary_cell	Smooth Muscle Cells - Colonic, donor3.CNhs12007.11396-118D1	5.4	0.219
primary_cell	Smooth Muscle Cells - Brain Vascular, donor2.CNhs11900.11315-117D1	5.4	0.217
primary_cell	mesenchymal precursor cell - ovarian cancer right ovary, donor3 (SOC-57-02).CNhs12377.11761-123H6	5.4	0.25
primary_cell	Olfactory epithelial cells, donor3.CNhs13818.11935-125I9	5.4	0.243
primary_cell	Fibroblast - skin dystrophia myotonica, donor1.CNhs11353.11556-120C8	5.3	0.243
primary_cell	Iris Pigment Epithelial Cells, donor1.CNhs12596.11530-119I9	5.3	0.214
primary_cell	mesenchymal precursor cell - bone marrow, donor1.CNhs12366.11750-123G4	5.3	0.247
primary_cell	Fibroblast - skin dystrophia myotonica, donor2.CNhs11354.11557-120C9	5.3	0.233
primary_cell	Eosinophils, donor2.CNhs12548.12245-129H4	5.3	0.294
primary_cell	mature adipocyte, donor2.CNhs12559.12232-129F9	5.3	0.237
primary_cell	mesenchymal precursor cell - ovarian cancer left ovary, donor1.CNhs12372.11756-123H1	5.3	0.236
primary_cell	Smooth Muscle Cells - Prostate, donor2.CNhs11976.11335-117F3	5.2	0.242
primary_cell	CD34 cells differentiated to erythrocyte lineage, biol_ rep2.CNhs13553.11932-125I6	5.2	0.215
primary_cell	Smooth Muscle Cells - Aortic, donor3.CNhs11309.11432-118H1	5.2	0.266
primary_cell	tenocyte, donor1.CNhs12639.11763-123H8	5.2	0.208
primary_cell	Mesenchymal Stem Cells - amniotic membrane, donor2.CNhs12104.11627-122B7	5.2	0.236
primary_cell	Fibroblast - skin dystrophia myotonica, donor3.CNhs11913.11560-120D3	5.2	0.21
primary_cell	CD14+CD16+ Monocytes, donor2.CNhs13208.11801-124D1	5.1	0.248
primary_cell	Anulus Pulposus Cell, donor1.CNhs10876.11248-116E6	5.1	0.251
primary_cell	CD14-CD16+ Monocytes, donor2.CNhs13207.11800-124C9	5.0	0.237
primary_cell	Fibroblast - skin spinal muscular atrophy, donor1.CNhs11074.11555-120C7	5.0	0.218
primary_cell	Endothelial Cells - Umbilical vein, donor3.CNhs12010.11400-118D5	5.0	0.183
primary_cell	Endothelial Cells - Umbilical vein, donor2.CNhs11967.11324-117E1	4.9	0.183
primary_cell	Skeletal Muscle Satellite Cells, donor2.CNhs11964.11321-117D7	4.9	0.189
primary_cell	Smooth Muscle Cells - Prostate, donor1.CNhs11920.11257-116F6	4.9	0.204
primary_cell	Tracheal Epithelial Cells, donor1.CNhs11092.11292-117A5	4.9	0.232
primary_cell	CD14+CD16+ Monocytes, donor1.CNhs13541.11789-124B7	4.9	0.25
primary_cell	Smooth Muscle Cells - Carotid, donor1.CNhs11087.11285-116I7	4.8	0.229
primary_cell	CD14-CD16+ Monocytes, donor3.CNhs13548.11911-125G3	4.7	0.242
primary_cell	Hair Follicle Dermal Papilla Cells, donor1.CNhs12501.11271-116H2	4.7	0.223
primary_cell	Pancreatic stromal cells, donor1.CNhs10877.11249-116E7	4.7	0.191
primary_cell	CD14+ monocytes - treated with IFN + N-hexane, donor3.CNhs13490.11881-125C9	4.7	0.285
primary_cell	mesenchymal precursor cell - adipose, donor2.CNhs12364.11748-123G2	4.7	0.214
primary_cell	Smooth Muscle Cells - Umbilical artery, donor0.CNhs10839.11212-116A6	4.6	0.267
primary_cell	Smooth Muscle Cells - Uterine, donor3.CNhs11927.11466-119B8	4.6	0.21
primary_cell	CD14+ monocytes - treated with Group A streptococci, donor1.CNhs13469.11864-125B1	4.6	0.285
primary_cell	mesenchymal precursor cell - bone marrow, donor2.CNhs12367.11751-123G5	4.5	0.228
primary_cell	mesenchymal precursor cell - ovarian cancer metastasis, donor1.CNhs12374.11758-123H3	4.5	0.237
primary_cell	Fibroblast - skin spinal muscular atrophy, donor3.CNhs11912.11559-120D2	4.4	0.195
primary_cell	Fibroblast - Periodontal Ligament, donor4 (PL29).CNhs12493.11223-116B8	4.4	0.194
primary_cell	Chondrocyte - re diff, donor3.CNhs12021.11411-118E7	4.4	0.2
primary_cell	Endothelial Cells - Lymphatic, donor2.CNhs11901.11317-117D3	4.3	0.191
primary_cell	Mesenchymal Stem Cells - Wharton's Jelly, donor1.CNhs11057.11548-120B9	4.3	0.25
primary_cell	Mesenchymal stem cells - hepatic, donor0.CNhs10845.11218-116B3	4.3	0.227
primary_cell	CD14+ monocytes - mock treated, donor1.CNhs13468.11863-125A9	4.2	0.243
primary_cell	Preadipocyte - breast, donor2.CNhs11971.11328-117E5	4.2	0.234
primary_cell	CD14+ monocytes - treated with IFN + N-hexane, donor2.CNhs13476.11871-125B8	4.0	0.267
primary_cell	CD34+ Progenitors, donor1.CNhs13227.11545-120B6	4.0	0.18
primary_cell	Hepatocyte, donor2.CNhs12349.11603-120I1	3.9	0.199
primary_cell	Fibroblast - Gingival, donor3.CNhs12006.11394-118C8	3.9	0.177
primary_cell	CD14+CD16- Monocytes, donor1.CNhs13224.11788-124B6	3.8	0.212
primary_cell	mesenchymal precursor cell - ovarian cancer left ovary, donor4.CNhs13094.11836-124G9	3.7	0.189
primary_cell	mature adipocyte, donor3.CNhs12560.12233-129G1	3.7	0.21
primary_cell	mature adipocyte, donor4.CNhs12562.12234-129G2	3.6	0.198
primary_cell	Smooth Muscle Cells - Aortic, donor0.CNhs10838.11210-116A4	3.5	0.185
primary_cell	mesenchymal precursor cell - cardiac, donor4.CNhs12371.11755-123G9	3.4	0.169
primary_cell	mesenchymal precursor cell - ovarian cancer right ovary, donor1.CNhs12373.11757-123H2	3.3	0.17
primary_cell	Smooth Muscle Cells - Coronary Artery, donor2.CNhs11987.11363-117I4	3.2	0.26
primary_cell	amniotic membrane cells, donor3.CNhs12379.12237-129G5	3.1	0.179
primary_cell	Endothelial Cells - Lymphatic, donor3.CNhs11906.11393-118C7	3.0	0.156
primary_cell	CD14+CD16- Monocytes, donor2.CNhs13216.11799-124C8	3.0	0.203
primary_cell	CD14+CD16- Monocytes, donor3.CNhs13540.11910-125G2	2.9	0.205
primary_cell	mature adipocyte, donor1.CNhs12558.12231-129F8	2.7	0.184
primary_cell	CD14+ monocytes - treated with IFN + N-hexane, donor1.CNhs13466.11861-125A7	2.6	0.227
primary_cell	Mast cell - stimulated, donor1.CNhs11073.11487-119E2	2.5	0.185
primary_cell	Neutrophils, donor3.CNhs11905.11390-118C4	1.7	0.221
primary_cell	Neutrophils, donor1.CNhs10862.11233-116C9	0.7	0.152
timecourse	MCF7 breast cancer cell line response to EGF1, 00hr00min, biol_rep2.CNhs12475.13097-140D1	22.1	0.522
timecourse	Monocyte-derived macrophages response to udorn influenza infection, 00hr00min, donor4 (227_121:Ud_0h).CNhs13639.13311-142I8	19.0	0.561
timecourse	MCF7 breast cancer cell line response to EGF1, 00hr00min, biol_rep3.CNhs12703.13163-141B4	18.0	0.474
timecourse	iPS differentiation to neuron, control donor C11-CRL2429, day00, rep2.CNhs13822.13425-144D5	17.0	0.433
timecourse	iPS differentiation to neuron, control donor C32-CRL1502, day00, rep1.CNhs13826.13433-144E4	15.7	0.39
timecourse	HES3-GFP Embryonic Stem cells, cardiomyocytic induction, day00, biol_rep3 (UH-3).CNhs13738.13366-143F9	15.0	0.368
timecourse	H9 Embryonic Stem cells, biol_rep2 (H9ES-2).CNhs12824.12724-135G6	13.7	0.342
timecourse	H9 Embryoid body cells, melanocytic induction, day00, biol_rep3 (H9EB-3 d0).CNhs12908.12823-136I6	13.6	0.352
timecourse	Melanocyte, donor2 (MC+2).CNhs13156.12739-135I3	13.5	0.44
timecourse	iPS differentiation to neuron, control donor C32-CRL1502, day00, rep2.CNhs13839.13437-144E8	13.3	0.341
timecourse	H9 Embryonic Stem cells, biol_rep3 (H9ES-3).CNhs12837.12822-136I5	13.0	0.327
timecourse	Melanocyte, donor1 (MC+1).CNhs12816.12641-134G4	12.4	0.381
timecourse	Monocyte-derived macrophages response to udorn influenza infection, 00hr00min, donor2 (150_120:Ud_0h).CNhs13646.13317-143A5	12.2	0.484
timecourse	Lymphatic Endothelial cells response to VEGFC, 00hr00min, biol_rep2 (MM XIV - 1).CNhs13157.12382-131E6	11.6	0.451
timecourse	H9 Embryoid body cells, melanocytic induction, day00, biol_rep1 (H9EB-1 d0).CNhs12822.12627-134E8	11.2	0.294
timecourse	Melanocyte, donor3 (MC+3).CNhs13406.12837-137B2	11.1	0.343
timecourse	Aortic smooth muscle cell response to IL1b, 00hr00min, biol_rep1 (LK31).CNhs13349.12652-134H6	11.0	0.423
timecourse	H9 Embryoid body cells, melanocytic induction, day00, biol_rep2 (H9EB-2 d0).CNhs12825.12725-135G7	10.7	0.264
timecourse	Monocyte-derived macrophages response to udorn influenza infection, 00hr00min, donor3 (536_119:Ud_0h).CNhs13650.13323-143B2	10.5	0.408
timecourse	Lymphatic Endothelial cells response to VEGFC, 00hr00min, biol_rep1 (MM XIX - 1).CNhs11936.12260-130A1	9.7	0.365
timecourse	Saos-2 osteosarcoma treated with ascorbic acid and BGP to induce calcification, 00hr00min, biol_rep2 (A2 T0).CNhs12859.12760-136B6	9.2	0.24
timecourse	mesenchymal stem cells (adipose derived), adipogenic induction, 00hr00min, biol_rep3.CNhs13421.13231-141I9	7.4	0.3
timecourse	Aortic smooth muscle cell response to IL1b, 00hr00min, biol_rep2 (LK32).CNhs13369.12750-136A5	7.3	0.313
timecourse	Aortic smooth muscle cell response to FGF2, 00hr00min, biol_rep2 (LK2).CNhs13358.12740-135I4	7.2	0.318
timecourse	Myoblast differentiation to myotubes, day00, control donor1.CNhs13847.13469-144I4	7.1	0.248
timecourse	Saos-2 osteosarcoma treated with ascorbic acid and BGP to induce calcification, 00hr00min, biol_rep3 (A3 T0).CNhs12952.12858-137D5	7.1	0.203
timecourse	mesenchymal stem cells (adipose derived), adipogenic induction, 00hr00min, biol_rep2.CNhs13420.13230-141I8	6.5	0.285
timecourse	Aortic smooth muscle cell response to FGF2, 00hr00min, biol_rep1 (LK1).CNhs13339.12642-134G5	4.7	0.243
timecourse	Lymphatic Endothelial cells response to VEGFC, 00hr00min, biol_rep3 (MM XXII - 1 ).CNhs13276.12504-133A2	4.0	0.189
tissue	brain, fetal, pool1.CNhs11797.10085-102B4	41.9	0.689
tissue	thymus, adult, pool1.CNhs10633.10027-101D9	28.4	0.458
tissue	temporal lobe, fetal, donor1, tech_rep1.CNhs11772.10063-101H9	23.1	0.442
tissue	parietal lobe, fetal, donor1.CNhs11782.10072-101I9	23.0	0.43
tissue	cerebellum - adult, donor10196.CNhs13799.10173-103C2	22.9	0.451
tissue	testis, adult, pool2.CNhs12998.10096-102C6	21.2	0.373
tissue	occipital lobe, fetal, donor1.CNhs11784.10073-102A1	20.4	0.413
tissue	cerebellum, adult, donor10252.CNhs12323.10166-103B4	18.0	0.321
tissue	testis, adult, pool1.CNhs10632.10026-101D8	17.9	0.338
tissue	lymph node, adult, donor1.CNhs11788.10077-102A5	17.9	0.42
tissue	thymus, fetal, pool1.CNhs10650.10043-101F7	17.3	0.3
tissue	duodenum, fetal, donor1, tech_rep2.CNhs12997.10071-101I8	16.8	0.349
tissue	blood, adult, pool1.CNhs11761.10053-101G8	16.8	0.444
tissue	occipital pole, adult, pool1.CNhs10643.10036-101E9	16.7	0.422
tissue	temporal lobe, adult, pool1.CNhs10637.10031-101E4	16.1	0.423
tissue	Clontech Human Universal Reference Total RNA, pool1.CNhs10608.10000-101A1	15.9	0.318
tissue	corpus callosum, adult, pool1.CNhs10649.10042-101F6	15.0	0.342
tissue	postcentral gyrus, adult, pool1.CNhs10638.10032-101E5	14.3	0.359
tissue	left atrium, adult, donor1.CNhs11790.10079-102A7	14.3	0.417
tissue	tonsil, adult, pool1.CNhs10654.10047-101G2	14.3	0.316
tissue	colon, adult, donor1.CNhs11794.10082-102B1	13.9	0.338
tissue	pineal gland - adult, donor10196.CNhs13804.10179-103C8	13.9	0.354
tissue	occipital cortex, adult, donor10252.CNhs12320.10163-103B1	13.7	0.283
tissue	substantia nigra, adult, donor10252.CNhs12318.10158-103A5	13.6	0.322
tissue	brain, adult, donor1.CNhs11796.10084-102B3	13.6	0.356
tissue	cerebellum, adult, pool1.CNhs11795.10083-102B2	13.3	0.307
tissue	paracentral gyrus, adult, pool1.CNhs10642.10035-101E8	13.2	0.332
tissue	thalamus, adult, donor10252.CNhs12314.10154-103A1	13.0	0.283
tissue	amygdala - adult, donor10196.CNhs13793.10167-103B5	12.9	0.364
tissue	nucleus accumbens, adult, pool1.CNhs10644.10037-101F1	12.9	0.318
tissue	cervix, adult, pool1.CNhs10618.10013-101C4	12.9	0.289
tissue	medial temporal gyrus - adult, donor10196.CNhs13809.10183-103D3	12.8	0.342
tissue	insula, adult, pool1.CNhs10646.10039-101F3	12.6	0.314
tissue	medial frontal gyrus - adult, donor10196.CNhs13796.10170-103B8	12.4	0.347
tissue	retina, adult, pool1.CNhs10636.10030-101E3	12.3	0.276
tissue	parietal lobe, adult, pool1.CNhs10641.10034-101E7	12.1	0.318
tissue	medulla oblongata - adult, donor10196.CNhs13800.10174-103C3	12.0	0.338
tissue	heart, adult, diseased, donor1.CNhs11758.10051-101G6	12.0	0.408
tissue	brain, adult, pool1.CNhs10617.10012-101C3	12.0	0.316
tissue	appendix, adult.CNhs12842.10189-103D9	11.9	0.238
tissue	seminal vesicle, adult.CNhs12851.10201-103F3	11.9	0.3
tissue	caudate nucleus, adult, donor10252.CNhs12321.10164-103B2	11.8	0.266
tissue	pancreas, adult, donor1.CNhs11756.10049-101G4	11.7	0.35
tissue	olfactory region, adult.CNhs12611.10195-103E6	11.6	0.29
tissue	salivary gland, adult, pool1.CNhs11677.10093-102C3	11.6	0.346
tissue	frontal lobe, adult, pool1.CNhs10647.10040-101F4	11.5	0.3
tissue	putamen, adult, donor10196.CNhs12324.10176-103C5	11.5	0.286
tissue	locus coeruleus - adult, donor10196.CNhs13808.10182-103D2	11.4	0.304
tissue	parietal lobe, adult, donor10252.CNhs12317.10157-103A4	11.4	0.267
tissue	globus pallidus, adult, donor10252.CNhs12319.10161-103A8	11.4	0.264
tissue	occipital cortex - adult, donor10196.CNhs13798.10172-103C1	11.3	0.303
tissue	pons, adult, pool1.CNhs10640.10033-101E6	11.3	0.3
tissue	amygdala, adult, donor10252.CNhs12311.10151-102I7	11.0	0.248
tissue	medulla oblongata, adult, pool1.CNhs10645.10038-101F2	10.9	0.272
tissue	hippocampus, adult, donor10252.CNhs12312.10153-102I9	10.8	0.241
tissue	uterus, adult, pool1.CNhs11676.10100-102D1	10.8	0.271
tissue	ovary, adult, pool1.CNhs10626.10020-101D2	10.8	0.28
tissue	vein, adult.CNhs12844.10191-103E2	10.7	0.26
tissue	caudate nucleus - adult, donor10196.CNhs13802.10177-103C6	10.6	0.288
tissue	smooth muscle, adult, pool1.CNhs11755.10048-101G3	10.5	0.28
tissue	spleen, fetal, pool1.CNhs10651.10044-101F8	10.5	0.241
tissue	medulla oblongata, adult, donor10252.CNhs12315.10155-103A2	10.4	0.245
tissue	medial frontal gyrus, adult, donor10252.CNhs12310.10150-102I6	10.1	0.237
tissue	submaxillary gland, adult.CNhs12852.10202-103F4	10.1	0.279
tissue	rectum, fetal, donor1.CNhs11777.10067-101I4	10.0	0.226
tissue	vagina, adult.CNhs12854.10204-103F6	10.0	0.281
tissue	prostate, adult, pool1.CNhs10628.10022-101D4	10.0	0.259
tissue	thalamus - adult, donor10196.CNhs13794.10168-103B6	10.0	0.271
tissue	parotid gland, adult.CNhs12849.10199-103F1	9.9	0.324
tissue	occipital lobe, adult, donor1.CNhs11787.10076-102A4	9.8	0.283
tissue	thyroid, adult, pool1.CNhs10634.10028-101E1	9.8	0.28
tissue	globus pallidus - adult, donor10196.CNhs13801.10175-103C4	9.6	0.274
tissue	hippocampus - adult, donor10196.CNhs13795.10169-103B7	9.5	0.283
tissue	locus coeruleus, adult, donor10252.CNhs12322.10165-103B3	9.4	0.237
tissue	liver, adult, pool1.CNhs10624.10018-101C9	9.4	0.351
tissue	aorta, adult, pool1.CNhs11760.10052-101G7	9.4	0.264
tissue	heart, adult, diseased post-infarction, donor1.CNhs11757.10050-101G5	9.2	0.256
tissue	adipose tissue, adult, pool1.CNhs10615.10010-101C1	9.1	0.272
tissue	spinal cord - adult, donor10196.CNhs13807.10181-103D1	9.0	0.243
tissue	heart, fetal, pool1.CNhs10653.10046-101G1	9.0	0.233
tissue	medial temporal gyrus, adult, donor10252.CNhs12316.10156-103A3	9.0	0.205
tissue	tongue, adult.CNhs12853.10203-103F5	8.9	0.242
tissue	lung, right lower lobe, adult, donor1.CNhs11786.10075-102A3	8.7	0.242
tissue	left ventricle, adult, donor1.CNhs11789.10078-102A6	8.6	0.305
tissue	parietal lobe - adult, donor10196.CNhs13797.10171-103B9	8.6	0.253
tissue	gall bladder, adult.CNhs12848.10198-103E9	8.5	0.236
tissue	kidney, fetal, pool1.CNhs10652.10045-101F9	8.5	0.217
tissue	duodenum, fetal, donor1, tech_rep1.CNhs11781.10071-101I8	8.5	0.219
tissue	penis, adult.CNhs12850.10200-103F2	8.4	0.221
tissue	pituitary gland, adult, donor10252.CNhs12229.10162-103A9	8.4	0.217
tissue	cerebral meninges, adult.CNhs12840.10188-103D8	8.3	0.237
tissue	skin, fetal, donor1.CNhs11774.10065-101I2	8.3	0.21
tissue	diencephalon, adult.CNhs12610.10193-103E4	8.2	0.259
tissue	kidney, adult, pool1.CNhs10622.10017-101C8	8.1	0.248
tissue	trachea, adult, pool1.CNhs10635.10029-101E2	8.1	0.222
tissue	spinal cord, fetal, donor1.CNhs11764.10056-101H2	8.0	0.195
tissue	ductus deferens, adult.CNhs12846.10196-103E7	7.9	0.223
tissue	throat, adult.CNhs12858.10209-103G2	7.9	0.191
tissue	spinal cord, adult, donor10252.CNhs12227.10159-103A6	7.7	0.21
tissue	lung, adult, pool1.CNhs10625.10019-101D1	7.7	0.236
tissue	esophagus, adult, pool1.CNhs10620.10015-101C6	7.4	0.207
tissue	spleen, adult, pool1.CNhs10631.10025-101D7	7.3	0.212
tissue	pituitary gland - adult, donor10196.CNhs13805.10180-103C9	7.3	0.224
tissue	diaphragm, fetal, donor1.CNhs11779.10069-101I6	7.2	0.208
tissue	throat, fetal, donor1.CNhs11770.10061-101H7	7.1	0.163
tissue	optic nerve, donor1.CNhs13449.10277-104E7	7.1	0.237
tissue	small intestine, fetal, donor1.CNhs11773.10064-101I1	7.0	0.177
tissue	small intestine, adult, pool1.CNhs10630.10024-101D6	6.9	0.203
tissue	heart, adult, pool1.CNhs10621.10016-101C7	6.9	0.259
tissue	uterus, fetal, donor1.CNhs11763.10055-101H1	6.9	0.167
tissue	dura mater, adult, donor1.CNhs10648.10041-101F5	6.9	0.194
tissue	heart - pulmonic valve, adult.CNhs12856.10206-103F8	6.9	0.218
tissue	bladder, adult, pool1.CNhs10616.10011-101C2	6.8	0.215
tissue	heart - mitral valve, adult.CNhs12855.10205-103F7	6.7	0.209
tissue	liver, fetal, pool1.CNhs11798.10086-102B5	6.6	0.236
tissue	heart - tricuspid valve, adult.CNhs12857.10207-103F9	6.5	0.228
tissue	epididymis, adult.CNhs12847.10197-103E8	6.3	0.175
tissue	colon, adult, pool1.CNhs10619.10014-101C5	6.1	0.172
tissue	thyroid, fetal, donor1.CNhs11769.10060-101H6	5.9	0.161
tissue	skeletal muscle, fetal, donor1.CNhs11776.10066-101I3	5.8	0.199
tissue	pineal gland, adult, donor10252.CNhs12228.10160-103A7	5.7	0.189
tissue	eye, fetal, donor1.CNhs11762.10054-101G9	5.6	0.169
tissue	temporal lobe, fetal, donor1, tech_rep2.CNhs12996.10063-101H9	5.3	0.139
tissue	SABiosciences XpressRef Human Universal Total RNA, pool1.CNhs10610.10002-101A5	5.2	0.174
tissue	breast, adult, donor1.CNhs11792.10080-102A8	5.1	0.194
tissue	trachea, fetal, donor1.CNhs11766.10058-101H4	5.0	0.155
tissue	Universal RNA - Human Normal Tissues Biochain, pool1.CNhs10612.10007-101B4	5.0	0.171
tissue	skeletal muscle - soleus muscle, donor1.CNhs13454.10282-104F3	4.5	0.233
tissue	tongue, fetal, donor1.CNhs11768.10059-101H5	4.1	0.148
tissue	placenta, adult, pool1.CNhs10627.10021-101D3	4.1	0.162
tissue	skeletal muscle, adult, pool1.CNhs10629.10023-101D5	3.8	0.203
tissue	lung, fetal, donor1.CNhs11680.10068-101I5	3.0	0.125
tissue	stomach, fetal, donor1.CNhs11771.10062-101H8	2.9	0.132
tissue	colon, fetal, donor1.CNhs11780.10070-101I7	2.4	0.104
tissue	umbilical cord, fetal, donor1.CNhs11765.10057-101H3	2.3	0.1
